species_name,source_image,crop_path
SATEN,20250510 10k-05-10 000381.jpg,20250510 10k-05-10 000381.jpg
SATEN,20250510 10k-05-10 000453.jpg,20250510 10k-05-10 000453.jpg
ROTEN,20250510 10k-03-11 000766.jpg,20250510 10k-03-11 000766.jpg
SATEN,20250510 10k-16-01 000576.jpg,20250510 10k-16-01 000576.jpg
ROTEN,20250510 10k-03-11 000519.jpg,20250510 10k-03-11 000519.jpg
ROTEN,20250510 10k-03-11 000559.jpg,20250510 10k-03-11 000559.jpg
SATEN,20250510 10k-03-11 000092.jpg,20250510 10k-03-11 000092.jpg
ROTEN,20250510 10k-16-01 000499.jpg,20250510 10k-16-01 000499.jpg
SATEN,20250510 10k-16-01 000124.jpg,20250510 10k-16-01 000124.jpg
ROTEN,20250510 10k-03-11 000153.jpg,20250510 10k-03-11 000153.jpg
SATEN,20250510 10k-03-11 000073.jpg,20250510 10k-03-11 000073.jpg
SATEN,20250510 10k-03-11 000884.jpg,20250510 10k-03-11 000884.jpg
SATEN,20250510 10k-05-10 000364.jpg,20250510 10k-05-10 000364.jpg
ROTEN,20250510 10k-03-11 000636.jpg,20250510 10k-03-11 000636.jpg
SATEN,20250510 10k-16-01 000416.jpg,20250510 10k-16-01 000416.jpg
SATEN,20250510 10k-16-01 000575.jpg,20250510 10k-16-01 000575.jpg
ROTEN,20250510 10k-16-01 000036.jpg,20250510 10k-16-01 000036.jpg
SATEN,20250510 10k-05-10 000436.jpg,20250510 10k-05-10 000436.jpg
SATEN,20250510 10k-03-11 000891.jpg,20250510 10k-03-11 000891.jpg
ROTEN,20250510 10k-03-11 000569.jpg,20250510 10k-03-11 000569.jpg
SATEN,20250510 10k-16-01 000502.jpg,20250510 10k-16-01 000502.jpg
SATEN,20250510 10k-03-11 000827.jpg,20250510 10k-03-11 000827.jpg
SATEN,20250510 10k-03-11 000907.jpg,20250510 10k-03-11 000907.jpg
SATEN,20250510 10k-05-10 000033.jpg,20250510 10k-05-10 000033.jpg
ROTEN,20250510 10k-03-11 000442.jpg,20250510 10k-03-11 000442.jpg
SATEN,20250510 10k-16-01 000406.jpg,20250510 10k-16-01 000406.jpg
SATEN,20250510 10k-16-01 000185.jpg,20250510 10k-16-01 000185.jpg
ROTEN,20250510 10k-03-11 000693.jpg,20250510 10k-03-11 000693.jpg
ROTEN,20250510 10k-05-10 000442.jpg,20250510 10k-05-10 000442.jpg
SATEN,20250510 10k-03-11 000832.jpg,20250510 10k-03-11 000832.jpg
ROTEN,20250510 10k-16-01 000196.jpg,20250510 10k-16-01 000196.jpg
ROTEN,20250510 10k-03-11 000888.jpg,20250510 10k-03-11 000888.jpg
SATEN,20250510 10k-16-01 000415.jpg,20250510 10k-16-01 000415.jpg
SATEN,20250510 10k-16-01 000394.jpg,20250510 10k-16-01 000394.jpg
ROTEN,20250510 10k-05-10 000240.jpg,20250510 10k-05-10 000240.jpg
ROTEN,20250510 10k-05-10 000534.jpg,20250510 10k-05-10 000534.jpg
SATEN,20250510 10k-03-11 000070.jpg,20250510 10k-03-11 000070.jpg
SATEN,20250510 10k-03-11 000875.jpg,20250510 10k-03-11 000875.jpg
ROTEN,20250510 10k-03-11 000408.jpg,20250510 10k-03-11 000408.jpg
SATEN,20250510 10k-16-01 000455.jpg,20250510 10k-16-01 000455.jpg
SATEN,20250510 10k-03-11 000082.jpg,20250510 10k-03-11 000082.jpg
ROTEN,20250510 10k-03-11 000810.jpg,20250510 10k-03-11 000810.jpg
SATEN,20250510 10k-05-10 000378.jpg,20250510 10k-05-10 000378.jpg
SATEN,20250510 10k-05-10 000032.jpg,20250510 10k-05-10 000032.jpg
ROTEN,20250510 10k-05-10 000170.jpg,20250510 10k-05-10 000170.jpg
SATEN,20250510 10k-03-11 000938.jpg,20250510 10k-03-11 000938.jpg
ROTEN,20250510 10k-16-01 000105.jpg,20250510 10k-16-01 000105.jpg
ROTEN,20250510 10k-03-11 000476.jpg,20250510 10k-03-11 000476.jpg
ROTEN,20250510 10k-05-10 000428.jpg,20250510 10k-05-10 000428.jpg
SATEN,20250510 10k-16-01 000226.jpg,20250510 10k-16-01 000226.jpg
ROTEN,20250510 10k-16-01 000075.jpg,20250510 10k-16-01 000075.jpg
ROTEN,20250510 10k-16-01 000633.jpg,20250510 10k-16-01 000633.jpg
ROTEN,20250510 10k-05-10 000542.jpg,20250510 10k-05-10 000542.jpg
SATEN,20250510 10k-05-10 000774.jpg,20250510 10k-05-10 000774.jpg
ROTEN,20250510 10k-05-10 000316.jpg,20250510 10k-05-10 000316.jpg
SATEN,20250510 10k-16-01 000556.jpg,20250510 10k-16-01 000556.jpg
ROTEN,20250510 10k-05-10 000041.jpg,20250510 10k-05-10 000041.jpg
ROTEN,20250510 10k-16-01 000012.jpg,20250510 10k-16-01 000012.jpg
SATEN,20250510 10k-03-11 000179.jpg,20250510 10k-03-11 000179.jpg
ROTEN,20250510 10k-03-11 000617.jpg,20250510 10k-03-11 000617.jpg
SATEN,20250510 10k-16-01 000232.jpg,20250510 10k-16-01 000232.jpg
ROTEN,20250510 10k-03-11 000641.jpg,20250510 10k-03-11 000641.jpg
ROTEN,20250510 10k-05-10 000566.jpg,20250510 10k-05-10 000566.jpg
SATEN,20250510 10k-16-01 000254.jpg,20250510 10k-16-01 000254.jpg
SATEN,20250510 10k-03-11 000874.jpg,20250510 10k-03-11 000874.jpg
ROTEN,20250510 10k-03-11 000625.jpg,20250510 10k-03-11 000625.jpg
ROTEN,20250510 10k-05-10 000273.jpg,20250510 10k-05-10 000273.jpg
SATEN,20250510 10k-05-10 000511.jpg,20250510 10k-05-10 000511.jpg
SATEN,20250510 10k-05-10 000772.jpg,20250510 10k-05-10 000772.jpg
ROTEN,20250510 10k-16-01 000047.jpg,20250510 10k-16-01 000047.jpg
SATEN,20250510 10k-03-11 000140.jpg,20250510 10k-03-11 000140.jpg
ROTEN,20250510 10k-16-01 000333.jpg,20250510 10k-16-01 000333.jpg
SATEN,20250510 10k-16-01 000240.jpg,20250510 10k-16-01 000240.jpg
ROTEN,20250510 10k-05-10 000222.jpg,20250510 10k-05-10 000222.jpg
ROTEN,20250510 10k-05-10 000800.jpg,20250510 10k-05-10 000800.jpg
SATEN,20250510 10k-05-10 000309.jpg,20250510 10k-05-10 000309.jpg
SATEN,20250510 10k-05-10 000320.jpg,20250510 10k-05-10 000320.jpg
ROTEN,20250510 10k-03-11 000763.jpg,20250510 10k-03-11 000763.jpg
SATEN,20250510 10k-03-11 000913.jpg,20250510 10k-03-11 000913.jpg
ROTEN,20250510 10k-03-11 000438.jpg,20250510 10k-03-11 000438.jpg
SATEN,20250510 10k-03-11 000178.jpg,20250510 10k-03-11 000178.jpg
SATEN,20250510 10k-05-10 000088.jpg,20250510 10k-05-10 000088.jpg
ROTEN,20250510 10k-16-01 000540.jpg,20250510 10k-16-01 000540.jpg
ROTEN,20250510 10k-03-11 000237.jpg,20250510 10k-03-11 000237.jpg
ROTEN,20250510 10k-03-11 000164.jpg,20250510 10k-03-11 000164.jpg
SATEN,20250510 10k-05-10 000778.jpg,20250510 10k-05-10 000778.jpg
ROTEN,20250510 10k-05-10 000026.jpg,20250510 10k-05-10 000026.jpg
SATEN,20250510 10k-03-11 000474.jpg,20250510 10k-03-11 000474.jpg
SATEN,20250510 10k-16-01 000501.jpg,20250510 10k-16-01 000501.jpg
SATEN,20250510 10k-03-11 000480.jpg,20250510 10k-03-11 000480.jpg
ROTEN,20250510 10k-05-10 000292.jpg,20250510 10k-05-10 000292.jpg
ROTEN,20250510 10k-03-11 000577.jpg,20250510 10k-03-11 000577.jpg
ROTEN,20250510 10k-03-11 000405.jpg,20250510 10k-03-11 000405.jpg
SATEN,20250510 10k-16-01 000463.jpg,20250510 10k-16-01 000463.jpg
SATEN,20250510 10k-16-01 000620.jpg,20250510 10k-16-01 000620.jpg
ROTEN,20250510 10k-03-11 000585.jpg,20250510 10k-03-11 000585.jpg
SATEN,20250510 10k-16-01 000135.jpg,20250510 10k-16-01 000135.jpg
SATEN,20250510 10k-16-01 000571.jpg,20250510 10k-16-01 000571.jpg
SATEN,20250510 10k-03-11 000896.jpg,20250510 10k-03-11 000896.jpg
ROTEN,20250510 10k-03-11 000338.jpg,20250510 10k-03-11 000338.jpg
ROTEN,20250510 10k-16-01 000029.jpg,20250510 10k-16-01 000029.jpg
SATEN,20250510 10k-16-01 000449.jpg,20250510 10k-16-01 000449.jpg
ROTEN,20250510 10k-16-01 000539.jpg,20250510 10k-16-01 000539.jpg
SATEN,20250510 10k-05-10 000401.jpg,20250510 10k-05-10 000401.jpg
ROTEN,20250510 10k-05-10 000275.jpg,20250510 10k-05-10 000275.jpg
ROTEN,20250510 10k-05-10 000155.jpg,20250510 10k-05-10 000155.jpg
ROTEN,20250510 10k-05-10 000146.jpg,20250510 10k-05-10 000146.jpg
ROTEN,20250510 10k-16-01 000336.jpg,20250510 10k-16-01 000336.jpg
ROTEN,20250510 10k-03-11 000556.jpg,20250510 10k-03-11 000556.jpg
ROTEN,20250510 10k-03-11 000737.jpg,20250510 10k-03-11 000737.jpg
SATEN,20250510 10k-05-10 000450.jpg,20250510 10k-05-10 000450.jpg
SATEN,20250510 10k-03-11 000901.jpg,20250510 10k-03-11 000901.jpg
ROTEN,20250510 10k-03-11 000727.jpg,20250510 10k-03-11 000727.jpg
ROTEN,20250510 10k-05-10 000061.jpg,20250510 10k-05-10 000061.jpg
SATEN,20250510 10k-05-10 000357.jpg,20250510 10k-05-10 000357.jpg
ROTEN,20250510 10k-03-11 000546.jpg,20250510 10k-03-11 000546.jpg
SATEN,20250510 10k-05-10 000446.jpg,20250510 10k-05-10 000446.jpg
ROTEN,20250510 10k-05-10 000554.jpg,20250510 10k-05-10 000554.jpg
SATEN,20250510 10k-03-11 000325.jpg,20250510 10k-03-11 000325.jpg
SATEN,20250510 10k-05-10 000780.jpg,20250510 10k-05-10 000780.jpg
ROTEN,20250510 10k-03-11 000204.jpg,20250510 10k-03-11 000204.jpg
ROTEN,20250510 10k-03-11 000413.jpg,20250510 10k-03-11 000413.jpg
ROTEN,20250510 10k-05-10 000332.jpg,20250510 10k-05-10 000332.jpg
ROTEN,20250510 10k-03-11 000599.jpg,20250510 10k-03-11 000599.jpg
ROTEN,20250510 10k-03-11 000588.jpg,20250510 10k-03-11 000588.jpg
ROTEN,20250510 10k-03-11 000644.jpg,20250510 10k-03-11 000644.jpg
SATEN,20250510 10k-05-10 000769.jpg,20250510 10k-05-10 000769.jpg
SATEN,20250510 10k-05-10 000445.jpg,20250510 10k-05-10 000445.jpg
ROTEN,20250510 10k-05-10 000395.jpg,20250510 10k-05-10 000395.jpg
SATEN,20250510 10k-16-01 000410.jpg,20250510 10k-16-01 000410.jpg
ROTEN,20250510 10k-05-10 000301.jpg,20250510 10k-05-10 000301.jpg
ROTEN,20250510 10k-03-11 000808.jpg,20250510 10k-03-11 000808.jpg
SATEN,20250510 10k-16-01 000393.jpg,20250510 10k-16-01 000393.jpg
ROTEN,20250510 10k-03-11 000304.jpg,20250510 10k-03-11 000304.jpg
SATEN,20250510 10k-16-01 000563.jpg,20250510 10k-16-01 000563.jpg
SATEN,20250510 10k-03-11 000149.jpg,20250510 10k-03-11 000149.jpg
ROTEN,20250510 10k-05-10 000104.jpg,20250510 10k-05-10 000104.jpg
SATEN,20250510 10k-16-01 000191.jpg,20250510 10k-16-01 000191.jpg
ROTEN,20250510 10k-03-11 000242.jpg,20250510 10k-03-11 000242.jpg
ROTEN,20250510 10k-05-10 000161.jpg,20250510 10k-05-10 000161.jpg
SATEN,20250510 10k-05-10 000797.jpg,20250510 10k-05-10 000797.jpg
SATEN,20250510 10k-05-10 000760.jpg,20250510 10k-05-10 000760.jpg
ROTEN,20250510 10k-16-01 000291.jpg,20250510 10k-16-01 000291.jpg
ROTEN,20250510 10k-05-10 000101.jpg,20250510 10k-05-10 000101.jpg
SATEN,20250510 10k-03-11 000080.jpg,20250510 10k-03-11 000080.jpg
SATEN,20250510 10k-16-01 000574.jpg,20250510 10k-16-01 000574.jpg
SATEN,20250510 10k-16-01 000621.jpg,20250510 10k-16-01 000621.jpg
SATEN,20250510 10k-03-11 000960.jpg,20250510 10k-03-11 000960.jpg
ROTEN,20250510 10k-03-11 000847.jpg,20250510 10k-03-11 000847.jpg
ROTEN,20250510 10k-03-11 000606.jpg,20250510 10k-03-11 000606.jpg
ROTEN,20250510 10k-03-11 000052.jpg,20250510 10k-03-11 000052.jpg
SATEN,20250510 10k-05-10 000238.jpg,20250510 10k-05-10 000238.jpg
ROTEN,20250510 10k-05-10 000129.jpg,20250510 10k-05-10 000129.jpg
ROTEN,20250510 10k-05-10 000042.jpg,20250510 10k-05-10 000042.jpg
ROTEN,20250510 10k-05-10 000232.jpg,20250510 10k-05-10 000232.jpg
ROTEN,20250510 10k-05-10 000429.jpg,20250510 10k-05-10 000429.jpg
ROTEN,20250510 10k-05-10 000234.jpg,20250510 10k-05-10 000234.jpg
ROTEN,20250510 10k-16-01 000293.jpg,20250510 10k-16-01 000293.jpg
ROTEN,20250510 10k-03-11 000757.jpg,20250510 10k-03-11 000757.jpg
ROTEN,20250510 10k-16-01 000538.jpg,20250510 10k-16-01 000538.jpg
SATEN,20250510 10k-03-11 000878.jpg,20250510 10k-03-11 000878.jpg
ROTEN,20250510 10k-03-11 000622.jpg,20250510 10k-03-11 000622.jpg
SATEN,20250510 10k-03-11 000911.jpg,20250510 10k-03-11 000911.jpg
SATEN,20250510 10k-05-10 000313.jpg,20250510 10k-05-10 000313.jpg
SATEN,20250510 10k-05-10 000753.jpg,20250510 10k-05-10 000753.jpg
SATEN,20250510 10k-05-10 000002.jpg,20250510 10k-05-10 000002.jpg
ROTEN,20250510 10k-03-11 000825.jpg,20250510 10k-03-11 000825.jpg
ROTEN,20250510 10k-03-11 000333.jpg,20250510 10k-03-11 000333.jpg
SATEN,20250510 10k-03-11 000139.jpg,20250510 10k-03-11 000139.jpg
ROTEN,20250510 10k-03-11 000646.jpg,20250510 10k-03-11 000646.jpg
ROTEN,20250510 10k-16-01 000345.jpg,20250510 10k-16-01 000345.jpg
ROTEN,20250510 10k-05-10 000468.jpg,20250510 10k-05-10 000468.jpg
ROTEN,20250510 10k-03-11 000902.jpg,20250510 10k-03-11 000902.jpg
ROTEN,20250510 10k-05-10 000006.jpg,20250510 10k-05-10 000006.jpg
SATEN,20250510 10k-05-10 000237.jpg,20250510 10k-05-10 000237.jpg
ROTEN,20250510 10k-16-01 000049.jpg,20250510 10k-16-01 000049.jpg
ROTEN,20250510 10k-16-01 000467.jpg,20250510 10k-16-01 000467.jpg
ROTEN,20250510 10k-16-01 000130.jpg,20250510 10k-16-01 000130.jpg
SATEN,20250510 10k-16-01 000409.jpg,20250510 10k-16-01 000409.jpg
SATEN,20250510 10k-16-01 000568.jpg,20250510 10k-16-01 000568.jpg
SATEN,20250510 10k-05-10 000784.jpg,20250510 10k-05-10 000784.jpg
SATEN,20250510 10k-05-10 000856.jpg,20250510 10k-05-10 000856.jpg
SATEN,20250510 10k-03-11 000889.jpg,20250510 10k-03-11 000889.jpg
ROTEN,20250510 10k-03-11 000767.jpg,20250510 10k-03-11 000767.jpg
SATEN,20250510 10k-05-10 000828.jpg,20250510 10k-05-10 000828.jpg
ROTEN,20250510 10k-05-10 000431.jpg,20250510 10k-05-10 000431.jpg
SATEN,20250510 10k-05-10 000759.jpg,20250510 10k-05-10 000759.jpg
SATEN,20250510 10k-05-10 000169.jpg,20250510 10k-05-10 000169.jpg
SATEN,20250510 10k-03-11 000852.jpg,20250510 10k-03-11 000852.jpg
SATEN,20250510 10k-03-11 000317.jpg,20250510 10k-03-11 000317.jpg
SATEN,20250510 10k-03-11 000905.jpg,20250510 10k-03-11 000905.jpg
ROTEN,20250510 10k-16-01 000143.jpg,20250510 10k-16-01 000143.jpg
SATEN,20250510 10k-03-11 000219.jpg,20250510 10k-03-11 000219.jpg
ROTEN,20250510 10k-03-11 000383.jpg,20250510 10k-03-11 000383.jpg
SATEN,20250510 10k-16-01 000613.jpg,20250510 10k-16-01 000613.jpg
ROTEN,20250510 10k-05-10 000478.jpg,20250510 10k-05-10 000478.jpg
ROTEN,20250510 10k-03-11 000610.jpg,20250510 10k-03-11 000610.jpg
SATEN,20250510 10k-03-11 000189.jpg,20250510 10k-03-11 000189.jpg
SATEN,20250510 10k-05-10 000765.jpg,20250510 10k-05-10 000765.jpg
ROTEN,20250510 10k-16-01 000283.jpg,20250510 10k-16-01 000283.jpg
ROTEN,20250510 10k-05-10 000164.jpg,20250510 10k-05-10 000164.jpg
SATEN,20250510 10k-16-01 000249.jpg,20250510 10k-16-01 000249.jpg
ROTEN,20250510 10k-05-10 000121.jpg,20250510 10k-05-10 000121.jpg
ROTEN,20250510 10k-03-11 000287.jpg,20250510 10k-03-11 000287.jpg
ROTEN,20250510 10k-03-11 000612.jpg,20250510 10k-03-11 000612.jpg
ROTEN,20250510 10k-03-11 000251.jpg,20250510 10k-03-11 000251.jpg
ROTEN,20250510 10k-05-10 000137.jpg,20250510 10k-05-10 000137.jpg
SATEN,20250510 10k-16-01 000580.jpg,20250510 10k-16-01 000580.jpg
ROTEN,20250510 10k-16-01 000301.jpg,20250510 10k-16-01 000301.jpg
SATEN,20250510 10k-16-01 000560.jpg,20250510 10k-16-01 000560.jpg
ROTEN,20250510 10k-03-11 000858.jpg,20250510 10k-03-11 000858.jpg
ROTEN,20250510 10k-03-11 000297.jpg,20250510 10k-03-11 000297.jpg
SATEN,20250510 10k-16-01 000190.jpg,20250510 10k-16-01 000190.jpg
SATEN,20250510 10k-16-01 000418.jpg,20250510 10k-16-01 000418.jpg
ROTEN,20250510 10k-03-11 000446.jpg,20250510 10k-03-11 000446.jpg
ROTEN,20250510 10k-16-01 000028.jpg,20250510 10k-16-01 000028.jpg
SATEN,20250510 10k-05-10 000751.jpg,20250510 10k-05-10 000751.jpg
ROTEN,20250510 10k-05-10 000072.jpg,20250510 10k-05-10 000072.jpg
ROTEN,20250510 10k-05-10 000457.jpg,20250510 10k-05-10 000457.jpg
ROTEN,20250510 10k-03-11 000698.jpg,20250510 10k-03-11 000698.jpg
SATEN,20250510 10k-03-11 000062.jpg,20250510 10k-03-11 000062.jpg
ROTEN,20250510 10k-05-10 000230.jpg,20250510 10k-05-10 000230.jpg
ROTEN,20250510 10k-16-01 000331.jpg,20250510 10k-16-01 000331.jpg
SATEN,20250510 10k-05-10 000048.jpg,20250510 10k-05-10 000048.jpg
ROTEN,20250510 10k-03-11 000063.jpg,20250510 10k-03-11 000063.jpg
ROTEN,20250510 10k-03-11 000542.jpg,20250510 10k-03-11 000542.jpg
ROTEN,20250510 10k-03-11 000561.jpg,20250510 10k-03-11 000561.jpg
ROTEN,20250510 10k-16-01 000081.jpg,20250510 10k-16-01 000081.jpg
SATEN,20250510 10k-16-01 000617.jpg,20250510 10k-16-01 000617.jpg
SATEN,20250510 10k-16-01 000250.jpg,20250510 10k-16-01 000250.jpg
ROTEN,20250510 10k-03-11 000162.jpg,20250510 10k-03-11 000162.jpg
ROTEN,20250510 10k-16-01 000245.jpg,20250510 10k-16-01 000245.jpg
SATEN,20250510 10k-05-10 000003.jpg,20250510 10k-05-10 000003.jpg
ROTEN,20250510 10k-03-11 000629.jpg,20250510 10k-03-11 000629.jpg
SATEN,20250510 10k-03-11 000830.jpg,20250510 10k-03-11 000830.jpg
ROTEN,20250510 10k-16-01 000160.jpg,20250510 10k-16-01 000160.jpg
SATEN,20250510 10k-16-01 000316.jpg,20250510 10k-16-01 000316.jpg
SATEN,20250510 10k-05-10 000244.jpg,20250510 10k-05-10 000244.jpg
SATEN,20250510 10k-03-11 000067.jpg,20250510 10k-03-11 000067.jpg
SATEN,20250510 10k-16-01 000573.jpg,20250510 10k-16-01 000573.jpg
SATEN,20250510 10k-05-10 000306.jpg,20250510 10k-05-10 000306.jpg
SATEN,20250510 10k-05-10 000189.jpg,20250510 10k-05-10 000189.jpg
ROTEN,20250510 10k-05-10 000329.jpg,20250510 10k-05-10 000329.jpg
ROTEN,20250510 10k-03-11 000332.jpg,20250510 10k-03-11 000332.jpg
SATEN,20250510 10k-03-11 000919.jpg,20250510 10k-03-11 000919.jpg
ROTEN,20250510 10k-05-10 000126.jpg,20250510 10k-05-10 000126.jpg
SATEN,20250510 10k-16-01 000390.jpg,20250510 10k-16-01 000390.jpg
ROTEN,20250510 10k-05-10 000144.jpg,20250510 10k-05-10 000144.jpg
ROTEN,20250510 10k-16-01 000460.jpg,20250510 10k-16-01 000460.jpg
SATEN,20250510 10k-03-11 000862.jpg,20250510 10k-03-11 000862.jpg
SATEN,20250510 10k-05-10 000839.jpg,20250510 10k-05-10 000839.jpg
SATEN,20250510 10k-16-01 000321.jpg,20250510 10k-16-01 000321.jpg
SATEN,20250510 10k-03-11 000309.jpg,20250510 10k-03-11 000309.jpg
SATEN,20250510 10k-03-11 000854.jpg,20250510 10k-03-11 000854.jpg
ROTEN,20250510 10k-03-11 000246.jpg,20250510 10k-03-11 000246.jpg
SATEN,20250510 10k-16-01 000234.jpg,20250510 10k-16-01 000234.jpg
ROTEN,20250510 10k-03-11 000576.jpg,20250510 10k-03-11 000576.jpg
ROTEN,20250510 10k-16-01 000480.jpg,20250510 10k-16-01 000480.jpg
SATEN,20250510 10k-03-11 000176.jpg,20250510 10k-03-11 000176.jpg
SATEN,20250510 10k-05-10 000829.jpg,20250510 10k-05-10 000829.jpg
ROTEN,20250510 10k-03-11 000819.jpg,20250510 10k-03-11 000819.jpg
SATEN,20250510 10k-05-10 000776.jpg,20250510 10k-05-10 000776.jpg
ROTEN,20250510 10k-05-10 000022.jpg,20250510 10k-05-10 000022.jpg
SATEN,20250510 10k-03-11 000075.jpg,20250510 10k-03-11 000075.jpg
ROTEN,20250510 10k-16-01 000371.jpg,20250510 10k-16-01 000371.jpg
SATEN,20250510 10k-16-01 000590.jpg,20250510 10k-16-01 000590.jpg
ROTEN,20250510 10k-03-11 000457.jpg,20250510 10k-03-11 000457.jpg
ROTEN,20250510 10k-03-11 000336.jpg,20250510 10k-03-11 000336.jpg
ROTEN,20250510 10k-16-01 000208.jpg,20250510 10k-16-01 000208.jpg
ROTEN,20250510 10k-05-10 000132.jpg,20250510 10k-05-10 000132.jpg
SATEN,20250510 10k-16-01 000199.jpg,20250510 10k-16-01 000199.jpg
ROTEN,20250510 10k-16-01 000364.jpg,20250510 10k-16-01 000364.jpg
SATEN,20250510 10k-05-10 000029.jpg,20250510 10k-05-10 000029.jpg
ROTEN,20250510 10k-05-10 000824.jpg,20250510 10k-05-10 000824.jpg
ROTEN,20250510 10k-03-11 000239.jpg,20250510 10k-03-11 000239.jpg
SATEN,20250510 10k-05-10 000792.jpg,20250510 10k-05-10 000792.jpg
ROTEN,20250510 10k-03-11 000161.jpg,20250510 10k-03-11 000161.jpg
ROTEN,20250510 10k-16-01 000193.jpg,20250510 10k-16-01 000193.jpg
SATEN,20250510 10k-05-10 000770.jpg,20250510 10k-05-10 000770.jpg
SATEN,20250510 10k-05-10 000786.jpg,20250510 10k-05-10 000786.jpg
SATEN,20250510 10k-03-11 000953.jpg,20250510 10k-03-11 000953.jpg
ROTEN,20250510 10k-16-01 000330.jpg,20250510 10k-16-01 000330.jpg
SATEN,20250510 10k-16-01 000392.jpg,20250510 10k-16-01 000392.jpg
ROTEN,20250510 10k-03-11 000312.jpg,20250510 10k-03-11 000312.jpg
SATEN,20250510 10k-03-11 000939.jpg,20250510 10k-03-11 000939.jpg
ROTEN,20250510 10k-05-10 000817.jpg,20250510 10k-05-10 000817.jpg
SATEN,20250510 10k-03-11 000320.jpg,20250510 10k-03-11 000320.jpg
SATEN,20250510 10k-05-10 000187.jpg,20250510 10k-05-10 000187.jpg
SATEN,20250510 10k-03-11 000076.jpg,20250510 10k-03-11 000076.jpg
SATEN,20250510 10k-16-01 000459.jpg,20250510 10k-16-01 000459.jpg
ROTEN,20250510 10k-03-11 000069.jpg,20250510 10k-03-11 000069.jpg
ROTEN,20250510 10k-03-11 000628.jpg,20250510 10k-03-11 000628.jpg
ROTEN,20250510 10k-03-11 000435.jpg,20250510 10k-03-11 000435.jpg
ROTEN,20250510 10k-16-01 000298.jpg,20250510 10k-16-01 000298.jpg
SATEN,20250510 10k-16-01 000311.jpg,20250510 10k-16-01 000311.jpg
SATEN,20250510 10k-03-11 000086.jpg,20250510 10k-03-11 000086.jpg
ROTEN,20250510 10k-16-01 000477.jpg,20250510 10k-16-01 000477.jpg
SATEN,20250510 10k-05-10 000241.jpg,20250510 10k-05-10 000241.jpg
SATEN,20250510 10k-16-01 000583.jpg,20250510 10k-16-01 000583.jpg
ROTEN,20250510 10k-16-01 000242.jpg,20250510 10k-16-01 000242.jpg
ROTEN,20250510 10k-03-11 000488.jpg,20250510 10k-03-11 000488.jpg
ROTEN,20250510 10k-05-10 000430.jpg,20250510 10k-05-10 000430.jpg
SATEN,20250510 10k-16-01 000600.jpg,20250510 10k-16-01 000600.jpg
ROTEN,20250510 10k-16-01 000514.jpg,20250510 10k-16-01 000514.jpg
ROTEN,20250510 10k-16-01 000428.jpg,20250510 10k-16-01 000428.jpg
SATEN,20250510 10k-16-01 000601.jpg,20250510 10k-16-01 000601.jpg
ROTEN,20250510 10k-05-10 000266.jpg,20250510 10k-05-10 000266.jpg
SATEN,20250510 10k-03-11 000472.jpg,20250510 10k-03-11 000472.jpg
ROTEN,20250510 10k-03-11 000368.jpg,20250510 10k-03-11 000368.jpg
ROTEN,20250510 10k-05-10 000075.jpg,20250510 10k-05-10 000075.jpg
SATEN,20250510 10k-05-10 000368.jpg,20250510 10k-05-10 000368.jpg
SATEN,20250510 10k-05-10 000300.jpg,20250510 10k-05-10 000300.jpg
SATEN,20250510 10k-05-10 000398.jpg,20250510 10k-05-10 000398.jpg
ROTEN,20250510 10k-03-11 000422.jpg,20250510 10k-03-11 000422.jpg
SATEN,20250510 10k-16-01 000458.jpg,20250510 10k-16-01 000458.jpg
SATEN,20250510 10k-03-11 000828.jpg,20250510 10k-03-11 000828.jpg
ROTEN,20250510 10k-05-10 000498.jpg,20250510 10k-05-10 000498.jpg
SATEN,20250510 10k-03-11 000871.jpg,20250510 10k-03-11 000871.jpg
ROTEN,20250510 10k-03-11 000214.jpg,20250510 10k-03-11 000214.jpg
SATEN,20250510 10k-16-01 000577.jpg,20250510 10k-16-01 000577.jpg
SATEN,20250510 10k-03-11 000085.jpg,20250510 10k-03-11 000085.jpg
SATEN,20250510 10k-05-10 000403.jpg,20250510 10k-05-10 000403.jpg
ROTEN,20250510 10k-03-11 000208.jpg,20250510 10k-03-11 000208.jpg
SATEN,20250510 10k-03-11 000868.jpg,20250510 10k-03-11 000868.jpg
SATEN,20250510 10k-03-11 000310.jpg,20250510 10k-03-11 000310.jpg
SATEN,20250510 10k-03-11 000958.jpg,20250510 10k-03-11 000958.jpg
SATEN,20250510 10k-03-11 000147.jpg,20250510 10k-03-11 000147.jpg
ROTEN,20250510 10k-03-11 000339.jpg,20250510 10k-03-11 000339.jpg
SATEN,20250510 10k-16-01 000189.jpg,20250510 10k-16-01 000189.jpg
SATEN,20250510 10k-05-10 000370.jpg,20250510 10k-05-10 000370.jpg
ROTEN,20250510 10k-05-10 000302.jpg,20250510 10k-05-10 000302.jpg
SATEN,20250510 10k-05-10 000193.jpg,20250510 10k-05-10 000193.jpg
SATEN,20250510 10k-03-11 000915.jpg,20250510 10k-03-11 000915.jpg
ROTEN,20250510 10k-03-11 000812.jpg,20250510 10k-03-11 000812.jpg
SATEN,20250510 10k-05-10 000053.jpg,20250510 10k-05-10 000053.jpg
ROTEN,20250510 10k-03-11 000793.jpg,20250510 10k-03-11 000793.jpg
SATEN,20250510 10k-16-01 000461.jpg,20250510 10k-16-01 000461.jpg
SATEN,20250510 10k-03-11 000301.jpg,20250510 10k-03-11 000301.jpg
ROTEN,20250510 10k-16-01 000167.jpg,20250510 10k-16-01 000167.jpg
ROTEN,20250510 10k-16-01 000606.jpg,20250510 10k-16-01 000606.jpg
ROTEN,20250510 10k-16-01 000452.jpg,20250510 10k-16-01 000452.jpg
SATEN,20250510 10k-03-11 000940.jpg,20250510 10k-03-11 000940.jpg
ROTEN,20250510 10k-03-11 000396.jpg,20250510 10k-03-11 000396.jpg
SATEN,20250510 10k-05-10 000176.jpg,20250510 10k-05-10 000176.jpg
ROTEN,20250510 10k-03-11 000316.jpg,20250510 10k-03-11 000316.jpg
ROTEN,20250510 10k-16-01 000475.jpg,20250510 10k-16-01 000475.jpg
ROTEN,20250510 10k-03-11 000614.jpg,20250510 10k-03-11 000614.jpg
ROTEN,20250510 10k-03-11 000256.jpg,20250510 10k-03-11 000256.jpg
ROTEN,20250510 10k-05-10 000020.jpg,20250510 10k-05-10 000020.jpg
ROTEN,20250510 10k-16-01 000259.jpg,20250510 10k-16-01 000259.jpg
ROTEN,20250510 10k-05-10 000111.jpg,20250510 10k-05-10 000111.jpg
SATEN,20250510 10k-03-11 000833.jpg,20250510 10k-03-11 000833.jpg
SATEN,20250510 10k-16-01 000224.jpg,20250510 10k-16-01 000224.jpg
ROTEN,20250510 10k-05-10 000291.jpg,20250510 10k-05-10 000291.jpg
SATEN,20250510 10k-03-11 000869.jpg,20250510 10k-03-11 000869.jpg
ROTEN,20250510 10k-05-10 000333.jpg,20250510 10k-05-10 000333.jpg
SATEN,20250510 10k-05-10 000239.jpg,20250510 10k-05-10 000239.jpg
ROTEN,20250510 10k-16-01 000033.jpg,20250510 10k-16-01 000033.jpg
ROTEN,20250510 10k-03-11 000467.jpg,20250510 10k-03-11 000467.jpg
ROTEN,20250510 10k-03-11 000348.jpg,20250510 10k-03-11 000348.jpg
SATEN,20250510 10k-03-11 000948.jpg,20250510 10k-03-11 000948.jpg
SATEN,20250510 10k-03-11 000892.jpg,20250510 10k-03-11 000892.jpg
SATEN,20250510 10k-16-01 000403.jpg,20250510 10k-16-01 000403.jpg
SATEN,20250510 10k-05-10 000068.jpg,20250510 10k-05-10 000068.jpg
ROTEN,20250510 10k-16-01 000260.jpg,20250510 10k-16-01 000260.jpg
ROTEN,20250510 10k-05-10 000818.jpg,20250510 10k-05-10 000818.jpg
ROTEN,20250510 10k-03-11 000268.jpg,20250510 10k-03-11 000268.jpg
SATEN,20250510 10k-03-11 000108.jpg,20250510 10k-03-11 000108.jpg
SATEN,20250510 10k-03-11 000955.jpg,20250510 10k-03-11 000955.jpg
ROTEN,20250510 10k-05-10 000308.jpg,20250510 10k-05-10 000308.jpg
ROTEN,20250510 10k-05-10 000480.jpg,20250510 10k-05-10 000480.jpg
ROTEN,20250510 10k-16-01 000421.jpg,20250510 10k-16-01 000421.jpg
ROTEN,20250510 10k-05-10 000334.jpg,20250510 10k-05-10 000334.jpg
SATEN,20250510 10k-03-11 000308.jpg,20250510 10k-03-11 000308.jpg
SATEN,20250510 10k-16-01 000388.jpg,20250510 10k-16-01 000388.jpg
SATEN,20250510 10k-05-10 000177.jpg,20250510 10k-05-10 000177.jpg
ROTEN,20250510 10k-16-01 000048.jpg,20250510 10k-16-01 000048.jpg
SATEN,20250510 10k-03-11 000937.jpg,20250510 10k-03-11 000937.jpg
SATEN,20250510 10k-16-01 000238.jpg,20250510 10k-16-01 000238.jpg
ROTEN,20250510 10k-05-10 000294.jpg,20250510 10k-05-10 000294.jpg
SATEN,20250510 10k-03-11 000909.jpg,20250510 10k-03-11 000909.jpg
ROTEN,20250510 10k-03-11 000433.jpg,20250510 10k-03-11 000433.jpg
ROTEN,20250510 10k-16-01 000518.jpg,20250510 10k-16-01 000518.jpg
ROTEN,20250510 10k-05-10 000112.jpg,20250510 10k-05-10 000112.jpg
SATEN,20250510 10k-05-10 000052.jpg,20250510 10k-05-10 000052.jpg
SATEN,20250510 10k-16-01 000179.jpg,20250510 10k-16-01 000179.jpg
ROTEN,20250510 10k-03-11 000497.jpg,20250510 10k-03-11 000497.jpg
ROTEN,20250510 10k-03-11 000272.jpg,20250510 10k-03-11 000272.jpg
ROTEN,20250510 10k-16-01 000165.jpg,20250510 10k-16-01 000165.jpg
ROTEN,20250510 10k-05-10 000021.jpg,20250510 10k-05-10 000021.jpg
SATEN,20250510 10k-03-11 000065.jpg,20250510 10k-03-11 000065.jpg
SATEN,20250510 10k-03-11 000191.jpg,20250510 10k-03-11 000191.jpg
SATEN,20250510 10k-03-11 000910.jpg,20250510 10k-03-11 000910.jpg
ROTEN,20250510 10k-16-01 000465.jpg,20250510 10k-16-01 000465.jpg
SATEN,20250510 10k-05-10 000449.jpg,20250510 10k-05-10 000449.jpg
ROTEN,20250510 10k-03-11 000211.jpg,20250510 10k-03-11 000211.jpg
SATEN,20250510 10k-03-11 000187.jpg,20250510 10k-03-11 000187.jpg
ROTEN,20250510 10k-03-11 000674.jpg,20250510 10k-03-11 000674.jpg
ROTEN,20250510 10k-03-11 000468.jpg,20250510 10k-03-11 000468.jpg
SATEN,20250510 10k-03-11 000956.jpg,20250510 10k-03-11 000956.jpg
ROTEN,20250510 10k-03-11 000112.jpg,20250510 10k-03-11 000112.jpg
ROTEN,20250510 10k-16-01 000536.jpg,20250510 10k-16-01 000536.jpg
SATEN,20250510 10k-03-11 000959.jpg,20250510 10k-03-11 000959.jpg
SATEN,20250510 10k-16-01 000451.jpg,20250510 10k-16-01 000451.jpg
SATEN,20250510 10k-03-11 000193.jpg,20250510 10k-03-11 000193.jpg
ROTEN,20250510 10k-16-01 000285.jpg,20250510 10k-16-01 000285.jpg
ROTEN,20250510 10k-16-01 000510.jpg,20250510 10k-16-01 000510.jpg
SATEN,20250510 10k-05-10 000297.jpg,20250510 10k-05-10 000297.jpg
ROTEN,20250510 10k-03-11 000856.jpg,20250510 10k-03-11 000856.jpg
SATEN,20250510 10k-05-10 000085.jpg,20250510 10k-05-10 000085.jpg
ROTEN,20250510 10k-03-11 000134.jpg,20250510 10k-03-11 000134.jpg
SATEN,20250510 10k-05-10 000367.jpg,20250510 10k-05-10 000367.jpg
SATEN,20250510 10k-05-10 000451.jpg,20250510 10k-05-10 000451.jpg
SATEN,20250510 10k-05-10 000355.jpg,20250510 10k-05-10 000355.jpg
SATEN,20250510 10k-16-01 000450.jpg,20250510 10k-16-01 000450.jpg
SATEN,20250510 10k-03-11 000184.jpg,20250510 10k-03-11 000184.jpg
SATEN,20250510 10k-05-10 000546.jpg,20250510 10k-05-10 000546.jpg
SATEN,20250510 10k-05-10 000070.jpg,20250510 10k-05-10 000070.jpg
ROTEN,20250510 10k-16-01 000373.jpg,20250510 10k-16-01 000373.jpg
ROTEN,20250510 10k-05-10 000561.jpg,20250510 10k-05-10 000561.jpg
SATEN,20250510 10k-03-11 000151.jpg,20250510 10k-03-11 000151.jpg
ROTEN,20250510 10k-05-10 000559.jpg,20250510 10k-05-10 000559.jpg
ROTEN,20250510 10k-05-10 000131.jpg,20250510 10k-05-10 000131.jpg
SATEN,20250510 10k-05-10 000192.jpg,20250510 10k-05-10 000192.jpg
ROTEN,20250510 10k-03-11 000370.jpg,20250510 10k-03-11 000370.jpg
ROTEN,20250510 10k-16-01 000494.jpg,20250510 10k-16-01 000494.jpg
SATEN,20250510 10k-05-10 000806.jpg,20250510 10k-05-10 000806.jpg
SATEN,20250510 10k-05-10 000502.jpg,20250510 10k-05-10 000502.jpg
ROTEN,20250510 10k-05-10 000283.jpg,20250510 10k-05-10 000283.jpg
SATEN,20250510 10k-05-10 000785.jpg,20250510 10k-05-10 000785.jpg
ROTEN,20250510 10k-05-10 000464.jpg,20250510 10k-05-10 000464.jpg
ROTEN,20250510 10k-16-01 000077.jpg,20250510 10k-16-01 000077.jpg
ROTEN,20250510 10k-16-01 000013.jpg,20250510 10k-16-01 000013.jpg
SATEN,20250510 10k-16-01 000626.jpg,20250510 10k-16-01 000626.jpg
ROTEN,20250510 10k-05-10 000845.jpg,20250510 10k-05-10 000845.jpg
SATEN,20250510 10k-03-11 000188.jpg,20250510 10k-03-11 000188.jpg
ROTEN,20250510 10k-03-11 000615.jpg,20250510 10k-03-11 000615.jpg
SATEN,20250510 10k-05-10 000065.jpg,20250510 10k-05-10 000065.jpg
ROTEN,20250510 10k-05-10 000819.jpg,20250510 10k-05-10 000819.jpg
SATEN,20250510 10k-16-01 000209.jpg,20250510 10k-16-01 000209.jpg
SATEN,20250510 10k-03-11 000126.jpg,20250510 10k-03-11 000126.jpg
SATEN,20250510 10k-03-11 000482.jpg,20250510 10k-03-11 000482.jpg
ROTEN,20250510 10k-03-11 000579.jpg,20250510 10k-03-11 000579.jpg
ROTEN,20250510 10k-16-01 000059.jpg,20250510 10k-16-01 000059.jpg
SATEN,20250510 10k-05-10 000054.jpg,20250510 10k-05-10 000054.jpg
ROTEN,20250510 10k-16-01 000203.jpg,20250510 10k-16-01 000203.jpg
ROTEN,20250510 10k-16-01 000423.jpg,20250510 10k-16-01 000423.jpg
ROTEN,20250510 10k-03-11 000572.jpg,20250510 10k-03-11 000572.jpg
ROTEN,20250510 10k-03-11 000195.jpg,20250510 10k-03-11 000195.jpg
ROTEN,20250510 10k-04-12 000005.jpg,20250510 10k-04-12 000005.jpg
SATEN,20250510 10k-03-11 000928.jpg,20250510 10k-03-11 000928.jpg
ROTEN,20250510 10k-05-10 000118.jpg,20250510 10k-05-10 000118.jpg
SATEN,20250510 10k-03-11 000880.jpg,20250510 10k-03-11 000880.jpg
SATEN,20250510 10k-16-01 000187.jpg,20250510 10k-16-01 000187.jpg
ROTEN,20250510 10k-05-10 000078.jpg,20250510 10k-05-10 000078.jpg
ROTEN,20250510 10k-16-01 000516.jpg,20250510 10k-16-01 000516.jpg
ROTEN,20250510 10k-05-10 000149.jpg,20250510 10k-05-10 000149.jpg
ROTEN,20250510 10k-05-10 000419.jpg,20250510 10k-05-10 000419.jpg
ROTEN,20250510 10k-03-11 000584.jpg,20250510 10k-03-11 000584.jpg
SATEN,20250510 10k-05-10 000247.jpg,20250510 10k-05-10 000247.jpg
SATEN,20250510 10k-05-10 000197.jpg,20250510 10k-05-10 000197.jpg
ROTEN,20250510 10k-03-11 000253.jpg,20250510 10k-03-11 000253.jpg
ROTEN,20250510 10k-16-01 000107.jpg,20250510 10k-16-01 000107.jpg
ROTEN,20250510 10k-03-11 000407.jpg,20250510 10k-03-11 000407.jpg
ROTEN,20250510 10k-04-12 000015.jpg,20250510 10k-04-12 000015.jpg
ROTEN,20250510 10k-16-01 000057.jpg,20250510 10k-16-01 000057.jpg
ROTEN,20250510 10k-03-11 000367.jpg,20250510 10k-03-11 000367.jpg
ROTEN,20250510 10k-05-10 000852.jpg,20250510 10k-05-10 000852.jpg
ROTEN,20250510 10k-03-11 000421.jpg,20250510 10k-03-11 000421.jpg
SATEN,20250510 10k-16-01 000462.jpg,20250510 10k-16-01 000462.jpg
SATEN,20250510 10k-05-10 000755.jpg,20250510 10k-05-10 000755.jpg
ROTEN,20250510 10k-03-11 000470.jpg,20250510 10k-03-11 000470.jpg
ROTEN,20250510 10k-03-11 000292.jpg,20250510 10k-03-11 000292.jpg
SATEN,20250510 10k-05-10 000781.jpg,20250510 10k-05-10 000781.jpg
SATEN,20250510 10k-05-10 000788.jpg,20250510 10k-05-10 000788.jpg
ROTEN,20250510 10k-03-11 000159.jpg,20250510 10k-03-11 000159.jpg
ROTEN,20250510 10k-03-11 000417.jpg,20250510 10k-03-11 000417.jpg
ROTEN,20250510 10k-03-11 000822.jpg,20250510 10k-03-11 000822.jpg
SATEN,20250510 10k-05-10 000382.jpg,20250510 10k-05-10 000382.jpg
ROTEN,20250510 10k-03-11 000262.jpg,20250510 10k-03-11 000262.jpg
SATEN,20250510 10k-16-01 000599.jpg,20250510 10k-16-01 000599.jpg
SATEN,20250510 10k-03-11 000088.jpg,20250510 10k-03-11 000088.jpg
ROTEN,20250510 10k-16-01 000636.jpg,20250510 10k-16-01 000636.jpg
ROTEN,20250510 10k-16-01 000037.jpg,20250510 10k-16-01 000037.jpg
SATEN,20250510 10k-16-01 000327.jpg,20250510 10k-16-01 000327.jpg
SATEN,20250510 10k-05-10 000031.jpg,20250510 10k-05-10 000031.jpg
SATEN,20250510 10k-03-11 000127.jpg,20250510 10k-03-11 000127.jpg
ROTEN,20250510 10k-03-11 000249.jpg,20250510 10k-03-11 000249.jpg
ROTEN,20250510 10k-05-10 000034.jpg,20250510 10k-05-10 000034.jpg
SATEN,20250510 10k-16-01 000117.jpg,20250510 10k-16-01 000117.jpg
SATEN,20250510 10k-16-01 000554.jpg,20250510 10k-16-01 000554.jpg
SATEN,20250510 10k-03-11 000322.jpg,20250510 10k-03-11 000322.jpg
SATEN,20250510 10k-16-01 000597.jpg,20250510 10k-16-01 000597.jpg
SATEN,20250510 10k-05-10 000798.jpg,20250510 10k-05-10 000798.jpg
ROTEN,20250510 10k-03-11 000785.jpg,20250510 10k-03-11 000785.jpg
SATEN,20250510 10k-16-01 000233.jpg,20250510 10k-16-01 000233.jpg
SATEN,20250510 10k-03-11 000144.jpg,20250510 10k-03-11 000144.jpg
SATEN,20250510 10k-05-10 000782.jpg,20250510 10k-05-10 000782.jpg
SATEN,20250510 10k-05-10 000439.jpg,20250510 10k-05-10 000439.jpg
ROTEN,20250510 10k-03-11 000735.jpg,20250510 10k-03-11 000735.jpg
SATEN,20250510 10k-05-10 000318.jpg,20250510 10k-05-10 000318.jpg
SATEN,20250510 10k-16-01 000624.jpg,20250510 10k-16-01 000624.jpg
ROTEN,20250510 10k-16-01 000367.jpg,20250510 10k-16-01 000367.jpg
ROTEN,20250510 10k-03-11 000657.jpg,20250510 10k-03-11 000657.jpg
ROTEN,20250510 10k-03-11 000228.jpg,20250510 10k-03-11 000228.jpg
SATEN,20250510 10k-03-11 000865.jpg,20250510 10k-03-11 000865.jpg
ROTEN,20250510 10k-03-11 000337.jpg,20250510 10k-03-11 000337.jpg
ROTEN,20250510 10k-03-11 000299.jpg,20250510 10k-03-11 000299.jpg
SATEN,20250510 10k-16-01 000138.jpg,20250510 10k-16-01 000138.jpg
ROTEN,20250510 10k-03-11 000473.jpg,20250510 10k-03-11 000473.jpg
SATEN,20250510 10k-05-10 000311.jpg,20250510 10k-05-10 000311.jpg
SATEN,20250510 10k-03-11 000105.jpg,20250510 10k-03-11 000105.jpg
SATEN,20250510 10k-16-01 000329.jpg,20250510 10k-16-01 000329.jpg
SATEN,20250510 10k-03-11 000319.jpg,20250510 10k-03-11 000319.jpg
ROTEN,20250510 10k-03-11 000160.jpg,20250510 10k-03-11 000160.jpg
ROTEN,20250510 10k-03-11 000707.jpg,20250510 10k-03-11 000707.jpg
SATEN,20250510 10k-03-11 000866.jpg,20250510 10k-03-11 000866.jpg
ROTEN,20250510 10k-03-11 000157.jpg,20250510 10k-03-11 000157.jpg
ROTEN,20250510 10k-16-01 000350.jpg,20250510 10k-16-01 000350.jpg
SATEN,20250510 10k-03-11 000882.jpg,20250510 10k-03-11 000882.jpg
ROTEN,20250510 10k-16-01 000299.jpg,20250510 10k-16-01 000299.jpg
ROTEN,20250510 10k-16-01 000060.jpg,20250510 10k-16-01 000060.jpg
SATEN,20250510 10k-16-01 000567.jpg,20250510 10k-16-01 000567.jpg
SATEN,20250510 10k-05-10 000837.jpg,20250510 10k-05-10 000837.jpg
ROTEN,20250510 10k-05-10 000098.jpg,20250510 10k-05-10 000098.jpg
ROTEN,20250510 10k-16-01 000512.jpg,20250510 10k-16-01 000512.jpg
SATEN,20250510 10k-05-10 000063.jpg,20250510 10k-05-10 000063.jpg
SATEN,20250510 10k-16-01 000230.jpg,20250510 10k-16-01 000230.jpg
ROTEN,20250510 10k-05-10 000142.jpg,20250510 10k-05-10 000142.jpg
SATEN,20250510 10k-16-01 000188.jpg,20250510 10k-16-01 000188.jpg
SATEN,20250510 10k-03-11 000125.jpg,20250510 10k-03-11 000125.jpg
ROTEN,20250510 10k-16-01 000094.jpg,20250510 10k-16-01 000094.jpg
SATEN,20250510 10k-05-10 000545.jpg,20250510 10k-05-10 000545.jpg
SATEN,20250510 10k-03-11 000198.jpg,20250510 10k-03-11 000198.jpg
SATEN,20250510 10k-16-01 000391.jpg,20250510 10k-16-01 000391.jpg
SATEN,20250510 10k-05-10 000307.jpg,20250510 10k-05-10 000307.jpg
SATEN,20250510 10k-05-10 000009.jpg,20250510 10k-05-10 000009.jpg
SATEN,20250510 10k-03-11 000314.jpg,20250510 10k-03-11 000314.jpg
ROTEN,20250510 10k-05-10 000400.jpg,20250510 10k-05-10 000400.jpg
SATEN,20250510 10k-16-01 000399.jpg,20250510 10k-16-01 000399.jpg
SATEN,20250510 10k-16-01 000228.jpg,20250510 10k-16-01 000228.jpg
ROTEN,20250510 10k-05-10 000268.jpg,20250510 10k-05-10 000268.jpg
SATEN,20250510 10k-05-10 000801.jpg,20250510 10k-05-10 000801.jpg
ROTEN,20250510 10k-05-10 000157.jpg,20250510 10k-05-10 000157.jpg
SATEN,20250510 10k-16-01 000312.jpg,20250510 10k-16-01 000312.jpg
ROTEN,20250510 10k-03-11 000311.jpg,20250510 10k-03-11 000311.jpg
ROTEN,20250510 10k-16-01 000162.jpg,20250510 10k-16-01 000162.jpg
SATEN,20250510 10k-03-11 000185.jpg,20250510 10k-03-11 000185.jpg
SATEN,20250510 10k-03-11 000897.jpg,20250510 10k-03-11 000897.jpg
ROTEN,20250510 10k-16-01 000537.jpg,20250510 10k-16-01 000537.jpg
ROTEN,20250510 10k-03-11 000436.jpg,20250510 10k-03-11 000436.jpg
SATEN,20250510 10k-16-01 000457.jpg,20250510 10k-16-01 000457.jpg
ROTEN,20250510 10k-05-10 000182.jpg,20250510 10k-05-10 000182.jpg
SATEN,20250510 10k-03-11 000077.jpg,20250510 10k-03-11 000077.jpg
ROTEN,20250510 10k-05-10 000418.jpg,20250510 10k-05-10 000418.jpg
ROTEN,20250510 10k-05-10 000209.jpg,20250510 10k-05-10 000209.jpg
SATEN,20250510 10k-16-01 000229.jpg,20250510 10k-16-01 000229.jpg
ROTEN,20250510 10k-05-10 000127.jpg,20250510 10k-05-10 000127.jpg
ROTEN,20250510 10k-16-01 000055.jpg,20250510 10k-16-01 000055.jpg
SATEN,20250510 10k-03-11 000215.jpg,20250510 10k-03-11 000215.jpg
ROTEN,20250510 10k-03-11 000857.jpg,20250510 10k-03-11 000857.jpg
SATEN,20250510 10k-05-10 000512.jpg,20250510 10k-05-10 000512.jpg
SATEN,20250510 10k-16-01 000231.jpg,20250510 10k-16-01 000231.jpg
SATEN,20250510 10k-05-10 000008.jpg,20250510 10k-05-10 000008.jpg
ROTEN,20250510 10k-03-11 000783.jpg,20250510 10k-03-11 000783.jpg
SATEN,20250510 10k-16-01 000400.jpg,20250510 10k-16-01 000400.jpg
SATEN,20250510 10k-16-01 000578.jpg,20250510 10k-16-01 000578.jpg
ROTEN,20250510 10k-03-11 000594.jpg,20250510 10k-03-11 000594.jpg
ROTEN,20250510 10k-05-10 000567.jpg,20250510 10k-05-10 000567.jpg
SATEN,20250510 10k-03-11 000864.jpg,20250510 10k-03-11 000864.jpg
SATEN,20250510 10k-16-01 000237.jpg,20250510 10k-16-01 000237.jpg
SATEN,20250510 10k-05-10 000773.jpg,20250510 10k-05-10 000773.jpg
SATEN,20250510 10k-05-10 000167.jpg,20250510 10k-05-10 000167.jpg
SATEN,20250510 10k-16-01 000414.jpg,20250510 10k-16-01 000414.jpg
SATEN,20250510 10k-03-11 000876.jpg,20250510 10k-03-11 000876.jpg
ROTEN,20250510 10k-16-01 000339.jpg,20250510 10k-16-01 000339.jpg
SATEN,20250510 10k-16-01 000244.jpg,20250510 10k-16-01 000244.jpg
SATEN,20250510 10k-03-11 000848.jpg,20250510 10k-03-11 000848.jpg
SATEN,20250510 10k-05-10 000361.jpg,20250510 10k-05-10 000361.jpg
ROTEN,20250510 10k-16-01 000584.jpg,20250510 10k-16-01 000584.jpg
ROTEN,20250510 10k-16-01 000281.jpg,20250510 10k-16-01 000281.jpg
ROTEN,20250510 10k-05-10 000410.jpg,20250510 10k-05-10 000410.jpg
SATEN,20250510 10k-05-10 000175.jpg,20250510 10k-05-10 000175.jpg
SATEN,20250510 10k-03-11 000106.jpg,20250510 10k-03-11 000106.jpg
ROTEN,20250510 10k-03-11 000231.jpg,20250510 10k-03-11 000231.jpg
ROTEN,20250510 10k-05-10 000276.jpg,20250510 10k-05-10 000276.jpg
SATEN,20250510 10k-03-11 000091.jpg,20250510 10k-03-11 000091.jpg
ROTEN,20250510 10k-03-11 000549.jpg,20250510 10k-03-11 000549.jpg
ROTEN,20250510 10k-16-01 000625.jpg,20250510 10k-16-01 000625.jpg
ROTEN,20250510 10k-03-11 000611.jpg,20250510 10k-03-11 000611.jpg
ROTEN,20250510 10k-05-10 000109.jpg,20250510 10k-05-10 000109.jpg
SATEN,20250510 10k-03-11 000900.jpg,20250510 10k-03-11 000900.jpg
ROTEN,20250510 10k-03-11 000402.jpg,20250510 10k-03-11 000402.jpg
ROTEN,20250510 10k-03-11 000652.jpg,20250510 10k-03-11 000652.jpg
SATEN,20250510 10k-16-01 000207.jpg,20250510 10k-16-01 000207.jpg
SATEN,20250510 10k-03-11 000346.jpg,20250510 10k-03-11 000346.jpg
SATEN,20250510 10k-03-11 000826.jpg,20250510 10k-03-11 000826.jpg
ROTEN,20250510 10k-05-10 000094.jpg,20250510 10k-05-10 000094.jpg
SATEN,20250510 10k-03-11 000071.jpg,20250510 10k-03-11 000071.jpg
ROTEN,20250510 10k-16-01 000472.jpg,20250510 10k-16-01 000472.jpg
ROTEN,20250510 10k-05-10 000462.jpg,20250510 10k-05-10 000462.jpg
ROTEN,20250510 10k-16-01 000147.jpg,20250510 10k-16-01 000147.jpg
SATEN,20250510 10k-03-11 000475.jpg,20250510 10k-03-11 000475.jpg
SATEN,20250510 10k-03-11 000920.jpg,20250510 10k-03-11 000920.jpg
ROTEN,20250510 10k-03-11 000521.jpg,20250510 10k-03-11 000521.jpg
SATEN,20250510 10k-16-01 000397.jpg,20250510 10k-16-01 000397.jpg
SATEN,20250510 10k-03-11 000122.jpg,20250510 10k-03-11 000122.jpg
ROTEN,20250510 10k-03-11 000567.jpg,20250510 10k-03-11 000567.jpg
SATEN,20250510 10k-05-10 000191.jpg,20250510 10k-05-10 000191.jpg
SATEN,20250510 10k-16-01 000176.jpg,20250510 10k-16-01 000176.jpg
SATEN,20250510 10k-03-11 000893.jpg,20250510 10k-03-11 000893.jpg
SATEN,20250510 10k-03-11 000943.jpg,20250510 10k-03-11 000943.jpg
SATEN,20250510 10k-16-01 000562.jpg,20250510 10k-16-01 000562.jpg
SATEN,20250510 10k-05-10 000030.jpg,20250510 10k-05-10 000030.jpg
ROTEN,20250510 10k-03-11 000279.jpg,20250510 10k-03-11 000279.jpg
SATEN,20250510 10k-05-10 000804.jpg,20250510 10k-05-10 000804.jpg
ROTEN,20250510 10k-03-11 000813.jpg,20250510 10k-03-11 000813.jpg
SATEN,20250510 10k-03-11 000064.jpg,20250510 10k-03-11 000064.jpg
ROTEN,20250510 10k-05-10 000516.jpg,20250510 10k-05-10 000516.jpg
SATEN,20250510 10k-03-11 000947.jpg,20250510 10k-03-11 000947.jpg
ROTEN,20250510 10k-03-11 000659.jpg,20250510 10k-03-11 000659.jpg
SATEN,20250510 10k-16-01 000596.jpg,20250510 10k-16-01 000596.jpg
ROTEN,20250510 10k-03-11 000434.jpg,20250510 10k-03-11 000434.jpg
SATEN,20250510 10k-03-11 000197.jpg,20250510 10k-03-11 000197.jpg
SATEN,20250510 10k-05-10 000319.jpg,20250510 10k-05-10 000319.jpg
ROTEN,20250510 10k-03-11 000782.jpg,20250510 10k-03-11 000782.jpg
SATEN,20250510 10k-03-11 000932.jpg,20250510 10k-03-11 000932.jpg
SATEN,20250510 10k-16-01 000398.jpg,20250510 10k-16-01 000398.jpg
ROTEN,20250510 10k-05-10 000820.jpg,20250510 10k-05-10 000820.jpg
SATEN,20250510 10k-03-11 000129.jpg,20250510 10k-03-11 000129.jpg
ROTEN,20250510 10k-03-11 000690.jpg,20250510 10k-03-11 000690.jpg
SATEN,20250510 10k-03-11 000194.jpg,20250510 10k-03-11 000194.jpg
ROTEN,20250510 10k-03-11 000747.jpg,20250510 10k-03-11 000747.jpg
SATEN,20250510 10k-03-11 000886.jpg,20250510 10k-03-11 000886.jpg
ROTEN,20250510 10k-16-01 000154.jpg,20250510 10k-16-01 000154.jpg
SATEN,20250510 10k-03-11 000950.jpg,20250510 10k-03-11 000950.jpg
SATEN,20250510 10k-05-10 000789.jpg,20250510 10k-05-10 000789.jpg
ROTEN,20250510 10k-03-11 000284.jpg,20250510 10k-03-11 000284.jpg
SATEN,20250510 10k-05-10 000207.jpg,20250510 10k-05-10 000207.jpg
ROTEN,20250510 10k-05-10 000117.jpg,20250510 10k-05-10 000117.jpg
ROTEN,20250510 10k-05-10 000390.jpg,20250510 10k-05-10 000390.jpg
ROTEN,20250510 10k-16-01 000318.jpg,20250510 10k-16-01 000318.jpg
ROTEN,20250510 10k-05-10 000414.jpg,20250510 10k-05-10 000414.jpg
SATEN,20250510 10k-03-11 000906.jpg,20250510 10k-03-11 000906.jpg
SATEN,20250510 10k-03-11 000138.jpg,20250510 10k-03-11 000138.jpg
ROTEN,20250510 10k-03-11 000516.jpg,20250510 10k-03-11 000516.jpg
SATEN,20250510 10k-05-10 000777.jpg,20250510 10k-05-10 000777.jpg
SATEN,20250510 10k-03-11 000324.jpg,20250510 10k-03-11 000324.jpg
SATEN,20250510 10k-16-01 000464.jpg,20250510 10k-16-01 000464.jpg
SATEN,20250510 10k-16-01 000236.jpg,20250510 10k-16-01 000236.jpg
ROTEN,20250510 10k-03-11 000515.jpg,20250510 10k-03-11 000515.jpg
ROTEN,20250510 10k-03-11 000787.jpg,20250510 10k-03-11 000787.jpg
SATEN,20250510 10k-05-10 000354.jpg,20250510 10k-05-10 000354.jpg
ROTEN,20250510 10k-03-11 000640.jpg,20250510 10k-03-11 000640.jpg
ROTEN,20250510 10k-05-10 000487.jpg,20250510 10k-05-10 000487.jpg
SATEN,20250510 10k-05-10 000014.jpg,20250510 10k-05-10 000014.jpg
ROTEN,20250510 10k-16-01 000202.jpg,20250510 10k-16-01 000202.jpg
SATEN,20250510 10k-03-11 000946.jpg,20250510 10k-03-11 000946.jpg
SATEN,20250510 10k-03-11 000923.jpg,20250510 10k-03-11 000923.jpg
SATEN,20250510 10k-03-11 000201.jpg,20250510 10k-03-11 000201.jpg
SATEN,20250510 10k-16-01 000456.jpg,20250510 10k-16-01 000456.jpg
SATEN,20250510 10k-03-11 000152.jpg,20250510 10k-03-11 000152.jpg
SATEN,20250510 10k-16-01 000453.jpg,20250510 10k-16-01 000453.jpg
SATEN,20250510 10k-05-10 000799.jpg,20250510 10k-05-10 000799.jpg
SATEN,20250510 10k-03-11 000895.jpg,20250510 10k-03-11 000895.jpg
ROTEN,20250510 10k-16-01 000639.jpg,20250510 10k-16-01 000639.jpg
ROTEN,20250510 10k-05-10 000130.jpg,20250510 10k-05-10 000130.jpg
SATEN,20250510 10k-05-10 000173.jpg,20250510 10k-05-10 000173.jpg
ROTEN,20250510 10k-05-10 000039.jpg,20250510 10k-05-10 000039.jpg
SATEN,20250510 10k-03-11 000107.jpg,20250510 10k-03-11 000107.jpg
ROTEN,20250510 10k-16-01 000290.jpg,20250510 10k-16-01 000290.jpg
ROTEN,20250510 10k-05-10 000231.jpg,20250510 10k-05-10 000231.jpg
ROTEN,20250510 10k-03-11 000068.jpg,20250510 10k-03-11 000068.jpg
SATEN,20250510 10k-05-10 000756.jpg,20250510 10k-05-10 000756.jpg
ROTEN,20250510 10k-03-11 000667.jpg,20250510 10k-03-11 000667.jpg
SATEN,20250510 10k-03-11 000935.jpg,20250510 10k-03-11 000935.jpg
ROTEN,20250510 10k-03-11 000289.jpg,20250510 10k-03-11 000289.jpg
ROTEN,20250510 10k-03-11 000532.jpg,20250510 10k-03-11 000532.jpg
ROTEN,20250510 10k-05-10 000050.jpg,20250510 10k-05-10 000050.jpg
SATEN,20250510 10k-16-01 000253.jpg,20250510 10k-16-01 000253.jpg
ROTEN,20250510 10k-03-11 000795.jpg,20250510 10k-03-11 000795.jpg
ROTEN,20250510 10k-03-11 000481.jpg,20250510 10k-03-11 000481.jpg
SATEN,20250510 10k-03-11 000078.jpg,20250510 10k-03-11 000078.jpg
ROTEN,20250510 10k-03-11 000806.jpg,20250510 10k-03-11 000806.jpg
ROTEN,20250510 10k-03-11 000243.jpg,20250510 10k-03-11 000243.jpg
SATEN,20250510 10k-05-10 000027.jpg,20250510 10k-05-10 000027.jpg
SATEN,20250510 10k-03-11 000190.jpg,20250510 10k-03-11 000190.jpg
ROTEN,20250510 10k-03-11 000538.jpg,20250510 10k-03-11 000538.jpg
ROTEN,20250510 10k-16-01 000076.jpg,20250510 10k-16-01 000076.jpg
SATEN,20250510 10k-05-10 000383.jpg,20250510 10k-05-10 000383.jpg
SATEN,20250510 10k-03-11 000970.jpg,20250510 10k-03-11 000970.jpg
SATEN,20250510 10k-16-01 000615.jpg,20250510 10k-16-01 000615.jpg
ROTEN,20250510 10k-03-11 000523.jpg,20250510 10k-03-11 000523.jpg
SATEN,20250510 10k-16-01 000588.jpg,20250510 10k-16-01 000588.jpg
ROTEN,20250510 10k-05-10 000163.jpg,20250510 10k-05-10 000163.jpg
SATEN,20250510 10k-16-01 000555.jpg,20250510 10k-16-01 000555.jpg
ROTEN,20250510 10k-03-11 000448.jpg,20250510 10k-03-11 000448.jpg
SATEN,20250510 10k-16-01 000118.jpg,20250510 10k-16-01 000118.jpg
ROTEN,20250510 10k-16-01 000535.jpg,20250510 10k-16-01 000535.jpg
SATEN,20250510 10k-03-11 000074.jpg,20250510 10k-03-11 000074.jpg
ROTEN,20250510 10k-03-11 000840.jpg,20250510 10k-03-11 000840.jpg
ROTEN,20250510 10k-05-10 000153.jpg,20250510 10k-05-10 000153.jpg
SATEN,20250510 10k-16-01 000503.jpg,20250510 10k-16-01 000503.jpg
SATEN,20250510 10k-16-01 000396.jpg,20250510 10k-16-01 000396.jpg
ROTEN,20250510 10k-05-10 000141.jpg,20250510 10k-05-10 000141.jpg
SATEN,20250510 10k-16-01 000225.jpg,20250510 10k-16-01 000225.jpg
SATEN,20250510 10k-03-11 000894.jpg,20250510 10k-03-11 000894.jpg
ROTEN,20250510 10k-16-01 000511.jpg,20250510 10k-16-01 000511.jpg
SATEN,20250510 10k-05-10 000180.jpg,20250510 10k-05-10 000180.jpg
SATEN,20250510 10k-03-11 000094.jpg,20250510 10k-03-11 000094.jpg
ROTEN,20250510 10k-03-11 000671.jpg,20250510 10k-03-11 000671.jpg
ROTEN,20250510 10k-03-11 000544.jpg,20250510 10k-03-11 000544.jpg
SATEN,20250510 10k-05-10 000185.jpg,20250510 10k-05-10 000185.jpg
SATEN,20250510 10k-05-10 000750.jpg,20250510 10k-05-10 000750.jpg
SATEN,20250510 10k-16-01 000419.jpg,20250510 10k-16-01 000419.jpg
ROTEN,20250510 10k-03-11 000694.jpg,20250510 10k-03-11 000694.jpg
SATEN,20250510 10k-05-10 000011.jpg,20250510 10k-05-10 000011.jpg
ROTEN,20250510 10k-05-10 000816.jpg,20250510 10k-05-10 000816.jpg
ROTEN,20250510 10k-05-10 000857.jpg,20250510 10k-05-10 000857.jpg
ROTEN,20250510 10k-05-10 000304.jpg,20250510 10k-05-10 000304.jpg
SATEN,20250510 10k-03-11 000116.jpg,20250510 10k-03-11 000116.jpg
ROTEN,20250510 10k-03-11 000154.jpg,20250510 10k-03-11 000154.jpg
SATEN,20250510 10k-16-01 000322.jpg,20250510 10k-16-01 000322.jpg
ROTEN,20250510 10k-03-11 000489.jpg,20250510 10k-03-11 000489.jpg
SATEN,20250510 10k-16-01 000448.jpg,20250510 10k-16-01 000448.jpg
ROTEN,20250510 10k-03-11 000168.jpg,20250510 10k-03-11 000168.jpg
SATEN,20250510 10k-16-01 000564.jpg,20250510 10k-16-01 000564.jpg
SATEN,20250510 10k-03-11 000903.jpg,20250510 10k-03-11 000903.jpg
SATEN,20250510 10k-03-11 000090.jpg,20250510 10k-03-11 000090.jpg
SATEN,20250510 10k-03-11 000929.jpg,20250510 10k-03-11 000929.jpg
SATEN,20250510 10k-05-10 000384.jpg,20250510 10k-05-10 000384.jpg
SATEN,20250510 10k-16-01 000258.jpg,20250510 10k-16-01 000258.jpg
SATEN,20250510 10k-03-11 000096.jpg,20250510 10k-03-11 000096.jpg
SATEN,20250510 10k-03-11 000887.jpg,20250510 10k-03-11 000887.jpg
ROTEN,20250510 10k-05-10 000385.jpg,20250510 10k-05-10 000385.jpg
ROTEN,20250510 10k-03-11 000351.jpg,20250510 10k-03-11 000351.jpg
SATEN,20250510 10k-16-01 000587.jpg,20250510 10k-16-01 000587.jpg
SATEN,20250510 10k-03-11 000199.jpg,20250510 10k-03-11 000199.jpg
ROTEN,20250510 10k-16-01 000437.jpg,20250510 10k-16-01 000437.jpg
ROTEN,20250510 10k-05-10 000495.jpg,20250510 10k-05-10 000495.jpg
SATEN,20250510 10k-05-10 000314.jpg,20250510 10k-05-10 000314.jpg
SATEN,20250510 10k-16-01 000256.jpg,20250510 10k-16-01 000256.jpg
ROTEN,20250510 10k-03-11 000057.jpg,20250510 10k-03-11 000057.jpg
SATEN,20250510 10k-03-11 000877.jpg,20250510 10k-03-11 000877.jpg
SATEN,20250510 10k-05-10 000235.jpg,20250510 10k-05-10 000235.jpg
ROTEN,20250510 10k-05-10 000374.jpg,20250510 10k-05-10 000374.jpg
ROTEN,20250510 10k-05-10 000096.jpg,20250510 10k-05-10 000096.jpg
ROTEN,20250510 10k-03-11 000777.jpg,20250510 10k-03-11 000777.jpg
SATEN,20250510 10k-03-11 000914.jpg,20250510 10k-03-11 000914.jpg
SATEN,20250510 10k-05-10 000305.jpg,20250510 10k-05-10 000305.jpg
ROTEN,20250510 10k-05-10 000540.jpg,20250510 10k-05-10 000540.jpg
SATEN,20250510 10k-16-01 000201.jpg,20250510 10k-16-01 000201.jpg
ROTEN,20250510 10k-16-01 000608.jpg,20250510 10k-16-01 000608.jpg
SATEN,20250510 10k-03-11 000926.jpg,20250510 10k-03-11 000926.jpg
ROTEN,20250510 10k-03-11 000740.jpg,20250510 10k-03-11 000740.jpg
SATEN,20250510 10k-05-10 000779.jpg,20250510 10k-05-10 000779.jpg
ROTEN,20250510 10k-03-11 000573.jpg,20250510 10k-03-11 000573.jpg
ROTEN,20250510 10k-03-11 000620.jpg,20250510 10k-03-11 000620.jpg
ROTEN,20250510 10k-05-10 000348.jpg,20250510 10k-05-10 000348.jpg
ROTEN,20250510 10k-05-10 000224.jpg,20250510 10k-05-10 000224.jpg
SATEN,20250510 10k-03-11 000321.jpg,20250510 10k-03-11 000321.jpg
SATEN,20250510 10k-03-11 000961.jpg,20250510 10k-03-11 000961.jpg
ROTEN,20250510 10k-03-11 000234.jpg,20250510 10k-03-11 000234.jpg
ROTEN,20250510 10k-16-01 000152.jpg,20250510 10k-16-01 000152.jpg
SATEN,20250510 10k-03-11 000904.jpg,20250510 10k-03-11 000904.jpg
ROTEN,20250510 10k-05-10 000077.jpg,20250510 10k-05-10 000077.jpg
ROTEN,20250510 10k-05-10 000106.jpg,20250510 10k-05-10 000106.jpg
ROTEN,20250510 10k-03-11 000800.jpg,20250510 10k-03-11 000800.jpg
SATEN,20250510 10k-03-11 000186.jpg,20250510 10k-03-11 000186.jpg
ROTEN,20250510 10k-03-11 000372.jpg,20250510 10k-03-11 000372.jpg
ROTEN,20250510 10k-16-01 000087.jpg,20250510 10k-16-01 000087.jpg
SATEN,20250510 10k-05-10 000369.jpg,20250510 10k-05-10 000369.jpg
SATEN,20250510 10k-16-01 000326.jpg,20250510 10k-16-01 000326.jpg
ROTEN,20250510 10k-03-11 000849.jpg,20250510 10k-03-11 000849.jpg
SATEN,20250510 10k-05-10 000005.jpg,20250510 10k-05-10 000005.jpg
SATEN,20250510 10k-16-01 000589.jpg,20250510 10k-16-01 000589.jpg
SATEN,20250510 10k-03-11 000851.jpg,20250510 10k-03-11 000851.jpg
SATEN,20250510 10k-05-10 000310.jpg,20250510 10k-05-10 000310.jpg
SATEN,20250510 10k-03-11 000952.jpg,20250510 10k-03-11 000952.jpg
SATEN,20250510 10k-03-11 000318.jpg,20250510 10k-03-11 000318.jpg
ROTEN,20250510 10k-05-10 000473.jpg,20250510 10k-05-10 000473.jpg
ROTEN,20250510 10k-05-10 000272.jpg,20250510 10k-05-10 000272.jpg
ROTEN,20250510 10k-03-11 000591.jpg,20250510 10k-03-11 000591.jpg
SATEN,20250510 10k-05-10 000317.jpg,20250510 10k-05-10 000317.jpg
SATEN,20250510 10k-16-01 000257.jpg,20250510 10k-16-01 000257.jpg
ROTEN,20250510 10k-16-01 000370.jpg,20250510 10k-16-01 000370.jpg
ROTEN,20250510 10k-05-10 000093.jpg,20250510 10k-05-10 000093.jpg
SATEN,20250510 10k-16-01 000328.jpg,20250510 10k-16-01 000328.jpg
ROTEN,20250510 10k-16-01 000531.jpg,20250510 10k-16-01 000531.jpg
SATEN,20250510 10k-16-01 000173.jpg,20250510 10k-16-01 000173.jpg
ROTEN,20250510 10k-16-01 000375.jpg,20250510 10k-16-01 000375.jpg
SATEN,20250510 10k-05-10 000352.jpg,20250510 10k-05-10 000352.jpg
SATEN,20250510 10k-03-11 000962.jpg,20250510 10k-03-11 000962.jpg
ROTEN,20250510 10k-03-11 000327.jpg,20250510 10k-03-11 000327.jpg
ROTEN,20250510 10k-03-11 000362.jpg,20250510 10k-03-11 000362.jpg
SATEN,20250510 10k-16-01 000132.jpg,20250510 10k-16-01 000132.jpg
ROTEN,20250510 10k-05-10 000249.jpg,20250510 10k-05-10 000249.jpg
SATEN,20250510 10k-05-10 000179.jpg,20250510 10k-05-10 000179.jpg
ROTEN,20250510 10k-03-11 000859.jpg,20250510 10k-03-11 000859.jpg
ROTEN,20250510 10k-16-01 000071.jpg,20250510 10k-16-01 000071.jpg
SATEN,20250510 10k-03-11 000912.jpg,20250510 10k-03-11 000912.jpg
SATEN,20250510 10k-03-11 000216.jpg,20250510 10k-03-11 000216.jpg
SATEN,20250510 10k-03-11 000502.jpg,20250510 10k-03-11 000502.jpg
SATEN,20250510 10k-05-10 000242.jpg,20250510 10k-05-10 000242.jpg
SATEN,20250510 10k-16-01 000402.jpg,20250510 10k-16-01 000402.jpg
ROTEN,20250510 10k-05-10 000834.jpg,20250510 10k-05-10 000834.jpg
ROTEN,20250510 10k-03-11 000951.jpg,20250510 10k-03-11 000951.jpg
SATEN,20250510 10k-05-10 000188.jpg,20250510 10k-05-10 000188.jpg
SATEN,20250510 10k-16-01 000598.jpg,20250510 10k-16-01 000598.jpg
SATEN,20250510 10k-03-11 000200.jpg,20250510 10k-03-11 000200.jpg
ROTEN,20250510 10k-05-10 000814.jpg,20250510 10k-05-10 000814.jpg
SATEN,20250510 10k-05-10 000833.jpg,20250510 10k-05-10 000833.jpg
ROTEN,20250510 10k-03-11 000267.jpg,20250510 10k-03-11 000267.jpg
ROTEN,20250510 10k-16-01 000304.jpg,20250510 10k-16-01 000304.jpg
SATEN,20250510 10k-05-10 000831.jpg,20250510 10k-05-10 000831.jpg
ROTEN,20250510 10k-03-11 000723.jpg,20250510 10k-03-11 000723.jpg
SATEN,20250510 10k-16-01 000134.jpg,20250510 10k-16-01 000134.jpg
ROTEN,20250510 10k-05-10 000051.jpg,20250510 10k-05-10 000051.jpg
ROTEN,20250510 10k-16-01 000156.jpg,20250510 10k-16-01 000156.jpg
ROTEN,20250510 10k-03-11 000504.jpg,20250510 10k-03-11 000504.jpg
ROTEN,20250510 10k-05-10 000515.jpg,20250510 10k-05-10 000515.jpg
ROTEN,20250510 10k-05-10 000491.jpg,20250510 10k-05-10 000491.jpg
SATEN,20250510 10k-03-11 000202.jpg,20250510 10k-03-11 000202.jpg
ROTEN,20250510 10k-03-11 000731.jpg,20250510 10k-03-11 000731.jpg
SATEN,20250510 10k-05-10 000366.jpg,20250510 10k-05-10 000366.jpg
SATEN,20250510 10k-16-01 000612.jpg,20250510 10k-16-01 000612.jpg
SATEN,20250510 10k-03-11 000192.jpg,20250510 10k-03-11 000192.jpg
ROTEN,20250510 10k-16-01 000166.jpg,20250510 10k-16-01 000166.jpg
SATEN,20250510 10k-16-01 000565.jpg,20250510 10k-16-01 000565.jpg
SATEN,20250510 10k-03-11 000942.jpg,20250510 10k-03-11 000942.jpg
ROTEN,20250510 10k-16-01 000529.jpg,20250510 10k-16-01 000529.jpg
SATEN,20250510 10k-05-10 000454.jpg,20250510 10k-05-10 000454.jpg
ROTEN,20250510 10k-03-11 000305.jpg,20250510 10k-03-11 000305.jpg
ROTEN,20250510 10k-16-01 000243.jpg,20250510 10k-16-01 000243.jpg
ROTEN,20250510 10k-16-01 000266.jpg,20250510 10k-16-01 000266.jpg
SATEN,20250510 10k-03-11 000130.jpg,20250510 10k-03-11 000130.jpg
SATEN,20250510 10k-03-11 000898.jpg,20250510 10k-03-11 000898.jpg
SATEN,20250510 10k-03-11 000908.jpg,20250510 10k-03-11 000908.jpg
ROTEN,20250510 10k-16-01 000145.jpg,20250510 10k-16-01 000145.jpg
SATEN,20250510 10k-03-11 000196.jpg,20250510 10k-03-11 000196.jpg
ROTEN,20250510 10k-03-11 000264.jpg,20250510 10k-03-11 000264.jpg
ROTEN,20250510 10k-16-01 000360.jpg,20250510 10k-16-01 000360.jpg
SATEN,20250510 10k-05-10 000081.jpg,20250510 10k-05-10 000081.jpg
ROTEN,20250510 10k-05-10 000541.jpg,20250510 10k-05-10 000541.jpg
SATEN,20250510 10k-16-01 000572.jpg,20250510 10k-16-01 000572.jpg
SATEN,20250510 10k-03-11 000873.jpg,20250510 10k-03-11 000873.jpg
SATEN,20250510 10k-16-01 000115.jpg,20250510 10k-16-01 000115.jpg
ROTEN,20250510 10k-03-11 000165.jpg,20250510 10k-03-11 000165.jpg
ROTEN,20250510 10k-03-11 000526.jpg,20250510 10k-03-11 000526.jpg
SATEN,20250510 10k-05-10 000787.jpg,20250510 10k-05-10 000787.jpg
ROTEN,20250510 10k-03-11 000837.jpg,20250510 10k-03-11 000837.jpg
SATEN,20250510 10k-05-10 000803.jpg,20250510 10k-05-10 000803.jpg
ROTEN,20250510 10k-03-11 000393.jpg,20250510 10k-03-11 000393.jpg
ROTEN,20250510 10k-16-01 000278.jpg,20250510 10k-16-01 000278.jpg
SATEN,20250510 10k-16-01 000131.jpg,20250510 10k-16-01 000131.jpg
ROTEN,20250510 10k-03-11 000745.jpg,20250510 10k-03-11 000745.jpg
SATEN,20250510 10k-16-01 000320.jpg,20250510 10k-16-01 000320.jpg
SATEN,20250510 10k-03-11 000883.jpg,20250510 10k-03-11 000883.jpg
ROTEN,20250510 10k-03-11 000495.jpg,20250510 10k-03-11 000495.jpg
ROTEN,20250510 10k-03-11 000666.jpg,20250510 10k-03-11 000666.jpg
SATEN,20250510 10k-05-10 000365.jpg,20250510 10k-05-10 000365.jpg
ROTEN,20250510 10k-05-10 000351.jpg,20250510 10k-05-10 000351.jpg
ROTEN,20250510 10k-03-11 000313.jpg,20250510 10k-03-11 000313.jpg
SATEN,20250510 10k-03-11 000922.jpg,20250510 10k-03-11 000922.jpg
ROTEN,20250510 10k-05-10 000019.jpg,20250510 10k-05-10 000019.jpg
SATEN,20250510 10k-03-11 000872.jpg,20250510 10k-03-11 000872.jpg
SATEN,20250510 10k-05-10 000858.jpg,20250510 10k-05-10 000858.jpg
ROTEN,20250510 10k-16-01 000430.jpg,20250510 10k-16-01 000430.jpg
SATEN,20250510 10k-05-10 000768.jpg,20250510 10k-05-10 000768.jpg
SATEN,20250510 10k-03-11 000934.jpg,20250510 10k-03-11 000934.jpg
ROTEN,20250510 10k-16-01 000214.jpg,20250510 10k-16-01 000214.jpg
SATEN,20250510 10k-03-11 000944.jpg,20250510 10k-03-11 000944.jpg
ROTEN,20250510 10k-05-10 000807.jpg,20250510 10k-05-10 000807.jpg
SATEN,20250510 10k-05-10 000437.jpg,20250510 10k-05-10 000437.jpg
SATEN,20250510 10k-16-01 000629.jpg,20250510 10k-16-01 000629.jpg
ROTEN,20250510 10k-16-01 000610.jpg,20250510 10k-16-01 000610.jpg
ROTEN,20250510 10k-03-11 000365.jpg,20250510 10k-03-11 000365.jpg
ROTEN,20250510 10k-03-11 000722.jpg,20250510 10k-03-11 000722.jpg
ROTEN,20250510 10k-03-11 000587.jpg,20250510 10k-03-11 000587.jpg
ROTEN,20250510 10k-03-11 000286.jpg,20250510 10k-03-11 000286.jpg
ROTEN,20250510 10k-03-11 000461.jpg,20250510 10k-03-11 000461.jpg
ROTEN,20250510 10k-03-11 000344.jpg,20250510 10k-03-11 000344.jpg
ROTEN,20250510 10k-05-10 000148.jpg,20250510 10k-05-10 000148.jpg
SATEN,20250510 10k-16-01 000593.jpg,20250510 10k-16-01 000593.jpg
ROTEN,20250510 10k-03-11 000247.jpg,20250510 10k-03-11 000247.jpg
ROTEN,20250510 10k-16-01 000356.jpg,20250510 10k-16-01 000356.jpg
SATEN,20250510 10k-16-01 000317.jpg,20250510 10k-16-01 000317.jpg
SATEN,20250510 10k-16-01 000558.jpg,20250510 10k-16-01 000558.jpg
ROTEN,20250510 10k-03-11 000285.jpg,20250510 10k-03-11 000285.jpg
ROTEN,20250510 10k-03-11 000392.jpg,20250510 10k-03-11 000392.jpg
SATEN,20250510 10k-03-11 000146.jpg,20250510 10k-03-11 000146.jpg
SATEN,20250510 10k-05-10 000377.jpg,20250510 10k-05-10 000377.jpg
SATEN,20250510 10k-16-01 000585.jpg,20250510 10k-16-01 000585.jpg
SATEN,20250510 10k-16-01 000412.jpg,20250510 10k-16-01 000412.jpg
ROTEN,20250510 10k-16-01 000325.jpg,20250510 10k-16-01 000325.jpg
ROTEN,20250510 10k-05-10 000057.jpg,20250510 10k-05-10 000057.jpg
ROTEN,20250510 10k-03-11 000807.jpg,20250510 10k-03-11 000807.jpg
ROTEN,20250510 10k-03-11 000598.jpg,20250510 10k-03-11 000598.jpg
SATEN,20250510 10k-16-01 000506.jpg,20250510 10k-16-01 000506.jpg
ROTEN,20250510 10k-16-01 000200.jpg,20250510 10k-16-01 000200.jpg
ROTEN,20250510 10k-16-01 000436.jpg,20250510 10k-16-01 000436.jpg
ROTEN,20250510 10k-16-01 000096.jpg,20250510 10k-16-01 000096.jpg
SATEN,20250510 10k-05-10 000447.jpg,20250510 10k-05-10 000447.jpg
ROTEN,20250510 10k-05-10 000389.jpg,20250510 10k-05-10 000389.jpg
ROTEN,20250510 10k-16-01 000210.jpg,20250510 10k-16-01 000210.jpg
SATEN,20250510 10k-03-11 000101.jpg,20250510 10k-03-11 000101.jpg
ROTEN,20250510 10k-03-11 000439.jpg,20250510 10k-03-11 000439.jpg
ROTEN,20250510 10k-03-11 000166.jpg,20250510 10k-03-11 000166.jpg
SATEN,20250510 10k-03-11 000885.jpg,20250510 10k-03-11 000885.jpg
SATEN,20250510 10k-05-10 000215.jpg,20250510 10k-05-10 000215.jpg
SATEN,20250510 10k-05-10 000217.jpg,20250510 10k-05-10 000217.jpg
ROTEN,20250510 10k-03-11 000255.jpg,20250510 10k-03-11 000255.jpg
ROTEN,20250510 10k-03-11 000240.jpg,20250510 10k-03-11 000240.jpg
ROTEN,20250510 10k-05-10 000486.jpg,20250510 10k-05-10 000486.jpg
ROTEN,20250510 10k-03-11 000861.jpg,20250510 10k-03-11 000861.jpg
SATEN,20250510 10k-03-11 000927.jpg,20250510 10k-03-11 000927.jpg
SATEN,20250510 10k-03-11 000148.jpg,20250510 10k-03-11 000148.jpg
SATEN,20250510 10k-05-10 000245.jpg,20250510 10k-05-10 000245.jpg
ROTEN,20250510 10k-03-11 000761.jpg,20250510 10k-03-11 000761.jpg
ROTEN,20250510 10k-03-11 000574.jpg,20250510 10k-03-11 000574.jpg
ROTEN,20250510 10k-16-01 000523.jpg,20250510 10k-16-01 000523.jpg
ROTEN,20250510 10k-03-11 000665.jpg,20250510 10k-03-11 000665.jpg
SATEN,20250510 10k-16-01 000407.jpg,20250510 10k-16-01 000407.jpg
SATEN,20250510 10k-16-01 000123.jpg,20250510 10k-16-01 000123.jpg
ROTEN,20250510 10k-03-11 000530.jpg,20250510 10k-03-11 000530.jpg
ROTEN,20250510 10k-05-10 000151.jpg,20250510 10k-05-10 000151.jpg
SATEN,20250510 10k-03-11 000323.jpg,20250510 10k-03-11 000323.jpg
SATEN,20250510 10k-03-11 000099.jpg,20250510 10k-03-11 000099.jpg
ROTEN,20250510 10k-03-11 000463.jpg,20250510 10k-03-11 000463.jpg
ROTEN,20250510 10k-03-11 000290.jpg,20250510 10k-03-11 000290.jpg
SATEN,20250510 10k-16-01 000557.jpg,20250510 10k-16-01 000557.jpg
ROTEN,20250510 10k-16-01 000405.jpg,20250510 10k-16-01 000405.jpg
SATEN,20250510 10k-16-01 000417.jpg,20250510 10k-16-01 000417.jpg
SATEN,20250510 10k-03-11 000095.jpg,20250510 10k-03-11 000095.jpg
ROTEN,20250510 10k-16-01 000212.jpg,20250510 10k-16-01 000212.jpg
ROTEN,20250510 10k-05-10 000465.jpg,20250510 10k-05-10 000465.jpg
SATEN,20250510 10k-16-01 000401.jpg,20250510 10k-16-01 000401.jpg
SATEN,20250510 10k-16-01 000324.jpg,20250510 10k-16-01 000324.jpg
SATEN,20250510 10k-05-10 000184.jpg,20250510 10k-05-10 000184.jpg
ROTEN,20250510 10k-05-10 000422.jpg,20250510 10k-05-10 000422.jpg
SATEN,20250510 10k-03-11 000924.jpg,20250510 10k-03-11 000924.jpg
ROTEN,20250510 10k-03-11 000649.jpg,20250510 10k-03-11 000649.jpg
SATEN,20250510 10k-16-01 000120.jpg,20250510 10k-16-01 000120.jpg
SATEN,20250510 10k-03-11 000182.jpg,20250510 10k-03-11 000182.jpg
SATEN,20250510 10k-03-11 000917.jpg,20250510 10k-03-11 000917.jpg
SATEN,20250510 10k-03-11 000941.jpg,20250510 10k-03-11 000941.jpg
ROTEN,20250510 10k-05-10 000062.jpg,20250510 10k-05-10 000062.jpg
SATEN,20250510 10k-03-11 000867.jpg,20250510 10k-03-11 000867.jpg
ROTEN,20250510 10k-03-11 000658.jpg,20250510 10k-03-11 000658.jpg
SATEN,20250510 10k-16-01 000389.jpg,20250510 10k-16-01 000389.jpg
SATEN,20250510 10k-16-01 000206.jpg,20250510 10k-16-01 000206.jpg
ROTEN,20250510 10k-03-11 000846.jpg,20250510 10k-03-11 000846.jpg
SATEN,20250510 10k-05-10 000181.jpg,20250510 10k-05-10 000181.jpg
SATEN,20250510 10k-05-10 000263.jpg,20250510 10k-05-10 000263.jpg
ROTEN,20250510 10k-03-11 000241.jpg,20250510 10k-03-11 000241.jpg
SATEN,20250510 10k-16-01 000186.jpg,20250510 10k-16-01 000186.jpg
ROTEN,20250510 10k-16-01 000038.jpg,20250510 10k-16-01 000038.jpg
SATEN,20250510 10k-03-11 000181.jpg,20250510 10k-03-11 000181.jpg
SATEN,20250510 10k-16-01 000569.jpg,20250510 10k-16-01 000569.jpg
ROTEN,20250510 10k-05-10 000494.jpg,20250510 10k-05-10 000494.jpg
SATEN,20250510 10k-16-01 000180.jpg,20250510 10k-16-01 000180.jpg
ROTEN,20250510 10k-03-11 000213.jpg,20250510 10k-03-11 000213.jpg
ROTEN,20250510 10k-03-11 000156.jpg,20250510 10k-03-11 000156.jpg
SATEN,20250510 10k-16-01 000570.jpg,20250510 10k-16-01 000570.jpg
SATEN,20250510 10k-03-11 000111.jpg,20250510 10k-03-11 000111.jpg
SATEN,20250510 10k-05-10 000766.jpg,20250510 10k-05-10 000766.jpg
SATEN,20250510 10k-16-01 000177.jpg,20250510 10k-16-01 000177.jpg
ROTEN,20250510 10k-16-01 000411.jpg,20250510 10k-16-01 000411.jpg
ROTEN,20250510 10k-05-10 000236.jpg,20250510 10k-05-10 000236.jpg
SATEN,20250510 10k-03-11 000933.jpg,20250510 10k-03-11 000933.jpg
ROTEN,20250510 10k-03-11 000834.jpg,20250510 10k-03-11 000834.jpg
ROTEN,20250510 10k-05-10 000203.jpg,20250510 10k-05-10 000203.jpg
SATEN,20250510 10k-05-10 000196.jpg,20250510 10k-05-10 000196.jpg
ROTEN,20250510 10k-05-10 000349.jpg,20250510 10k-05-10 000349.jpg
ROTEN,20250510 10k-03-11 000682.jpg,20250510 10k-03-11 000682.jpg
ROTEN,20250510 10k-05-10 000391.jpg,20250510 10k-05-10 000391.jpg
SATEN,20250510 10k-05-10 000262.jpg,20250510 10k-05-10 000262.jpg
SATEN,20250510 10k-05-10 000248.jpg,20250510 10k-05-10 000248.jpg
ROTEN,20250510 10k-03-11 000794.jpg,20250510 10k-03-11 000794.jpg
SATEN,20250510 10k-03-11 000097.jpg,20250510 10k-03-11 000097.jpg
ROTEN,20250510 10k-05-10 000205.jpg,20250510 10k-05-10 000205.jpg
SATEN,20250510 10k-03-11 000483.jpg,20250510 10k-03-11 000483.jpg
SATEN,20250510 10k-16-01 000175.jpg,20250510 10k-16-01 000175.jpg
SATEN,20250510 10k-05-10 000838.jpg,20250510 10k-05-10 000838.jpg
ROTEN,20250510 10k-16-01 000476.jpg,20250510 10k-16-01 000476.jpg
ROTEN,20250510 10k-03-11 000271.jpg,20250510 10k-03-11 000271.jpg
ROTEN,20250510 10k-16-01 000141.jpg,20250510 10k-16-01 000141.jpg
SATEN,20250510 10k-03-11 000954.jpg,20250510 10k-03-11 000954.jpg
ROTEN,20250510 10k-03-11 000772.jpg,20250510 10k-03-11 000772.jpg
ROTEN,20250510 10k-03-11 000212.jpg,20250510 10k-03-11 000212.jpg
ROTEN,20250510 10k-03-11 000602.jpg,20250510 10k-03-11 000602.jpg
ROTEN,20250510 10k-16-01 000361.jpg,20250510 10k-16-01 000361.jpg
SATEN,20250510 10k-05-10 000505.jpg,20250510 10k-05-10 000505.jpg
ROTEN,20250510 10k-05-10 000288.jpg,20250510 10k-05-10 000288.jpg
ROTEN,20250510 10k-03-11 000595.jpg,20250510 10k-03-11 000595.jpg
ROTEN,20250510 10k-05-10 000326.jpg,20250510 10k-05-10 000326.jpg
ROTEN,20250510 10k-16-01 000369.jpg,20250510 10k-16-01 000369.jpg
SATEN,20250510 10k-03-11 000083.jpg,20250510 10k-03-11 000083.jpg
SATEN,20250510 10k-16-01 000174.jpg,20250510 10k-16-01 000174.jpg
SATEN,20250510 10k-05-10 000216.jpg,20250510 10k-05-10 000216.jpg
SATEN,20250510 10k-03-11 000930.jpg,20250510 10k-03-11 000930.jpg
ROTEN,20250510 10k-03-11 000352.jpg,20250510 10k-03-11 000352.jpg
ROTEN,20250510 10k-05-10 000344.jpg,20250510 10k-05-10 000344.jpg
SATEN,20250510 10k-05-10 000456.jpg,20250510 10k-05-10 000456.jpg
SATEN,20250510 10k-05-10 000754.jpg,20250510 10k-05-10 000754.jpg
SATEN,20250510 10k-05-10 000174.jpg,20250510 10k-05-10 000174.jpg
ROTEN,20250510 10k-03-11 000342.jpg,20250510 10k-03-11 000342.jpg
SATEN,20250510 10k-16-01 000561.jpg,20250510 10k-16-01 000561.jpg
SATEN,20250510 10k-03-11 000081.jpg,20250510 10k-03-11 000081.jpg
ROTEN,20250510 10k-03-11 000103.jpg,20250510 10k-03-11 000103.jpg
SATEN,20250510 10k-05-10 000166.jpg,20250510 10k-05-10 000166.jpg
ROTEN,20250510 10k-05-10 000421.jpg,20250510 10k-05-10 000421.jpg
SATEN,20250510 10k-16-01 000323.jpg,20250510 10k-16-01 000323.jpg
SATEN,20250510 10k-05-10 000261.jpg,20250510 10k-05-10 000261.jpg
ROTEN,20250510 10k-05-10 000119.jpg,20250510 10k-05-10 000119.jpg
ROTEN,20250510 10k-03-11 000419.jpg,20250510 10k-03-11 000419.jpg
